Name,Roll Number
Dev Kulkarni,001
Sneha Patil,002
Dev Nair,003
Diya Kulkarni,004
Vihaan Reddy,005
Ananya Mehta,006
Pooja Shah,007
Zoë O'Brien,008
Meera Reddy,009
Kavya Shah,010
Rohan Menon,011
Saanvi Verma,012
Kabir Deshmukh,013
Vihaan Kulkarni,014
Rohan Nair,015
José Fernandes,016
Vihaan Verma,017
Aditya Patil,018
Sneha Menon,019
Saanvi Iyer,020
Kavya Deshmukh,021
Pooja Patil,022
Vihaan Gupta,023
Vihaan Mehta,024
Om Sharma,025
Ananya Joshi,026
Sneha Sharma,027
Tara Iyer,028
Aditya Deshmukh,029
Nisha Mehta,030
Aditya D'Souza,031
Riya Sharma,032
Neel Gupta,033
Ananya Kulkarni,034
Om Patil,035
Rahul Kulkarni,036
Sneha Gupta,037
Kavya Iyer,038
Yash Reddy,039
Vihaan Patil,040
Aditya Nair,041
Pooja D'Souza,042
Riya D'Souza,043
Nisha Khan,044
Ananya Nair,045
